timestamp,open,high,low,close,volume
2018-08-02,134.5800,144.2100,132.6300,143.9200,2724368
2018-08-01,138.6800,140.2190,134.8901,136.3600,2405198
2018-07-31,138.5200,143.7700,133.2605,138.2100,7920596
2018-07-30,159.8000,160.4300,147.3300,148.0800,2745106
2018-07-27,172.3500,172.3500,159.2600,160.1500,2106469
2018-07-26,169.3300,172.2400,168.6500,170.2900,1158482
2018-07-25,167.9100,174.0300,165.5700,173.7800,1270706
2018-07-24,174.8400,176.5990,166.6300,168.3400,1541473
2018-07-23,171.9500,174.1317,169.0000,173.2600,839688
2018-07-20,172.0000,175.2900,171.3000,171.7500,1281945
2018-07-19,170.0000,172.0995,168.1800,171.7500,829130
2018-07-18,169.2500,171.4800,167.0310,170.4800,851627
2018-07-17,161.7100,170.3000,161.0500,169.0000,1200603
2018-07-16,166.1300,169.4000,164.8000,165.3500,1262298
2018-07-13,167.7200,168.1148,163.7400,166.1800,877304
2018-07-12,162.5800,168.2000,162.1101,167.5000,995816
2018-07-11,157.4800,161.9700,156.2700,160.9800,745537
2018-07-10,158.6200,160.3652,157.8100,158.9800,776518
2018-07-09,158.7900,160.4000,154.2400,158.4500,997018
2018-07-06,152.9100,157.3400,152.0000,156.8100,1075884
2018-07-05,153.1500,153.7700,149.9600,152.6800,914872
2018-07-03,149.1785,151.9500,147.2541,150.5000,1060821
2018-07-02,142.7100,149.5700,141.3700,149.4200,880790
2018-06-29,147.8200,149.9480,145.3500,145.8900,1204994
2018-06-28,143.1700,147.8300,140.4000,146.5500,1881039
2018-06-27,155.5200,156.2000,144.2800,144.7000,3247198
2018-06-26,155.7500,158.7261,154.1147,155.0100,1815488
2018-06-25,160.0000,160.0000,151.0501,153.2100,2180750
2018-06-22,166.5200,166.6800,160.0700,162.5300,1237108
2018-06-21,173.4800,173.8413,164.3500,164.5400,1764265
2018-06-20,173.6700,175.1100,172.2100,172.2500,965447
2018-06-19,169.8000,172.5100,167.0700,170.6100,1092683
2018-06-18,167.0000,172.9200,166.7959,172.8400,1265183
2018-06-15,166.6500,169.3580,164.6500,168.4400,841690
2018-06-14,166.2200,168.8600,166.0000,167.9400,1125660
2018-06-13,165.0000,171.1301,163.8100,165.0900,2156042
2018-06-12,160.3300,165.8900,160.1300,165.2400,1378086
2018-06-11,163.2000,164.9041,160.0300,160.2400,1079386
2018-06-08,159.5500,163.8300,158.5000,162.8100,1056908
2018-06-07,166.0000,166.0100,158.8800,161.2600,1738804
2018-06-06,162.0500,165.7700,160.2600,165.3600,1399629
2018-06-05,157.1200,162.0000,156.8400,161.0600,1394385
2018-06-04,151.9300,157.8600,151.7500,156.9100,1622370
2018-06-01,149.5000,151.6550,147.5400,150.8000,1307774
2018-05-31,146.1100,149.9800,145.5200,148.0900,1431755
2018-05-30,144.0000,146.8000,143.6910,145.8400,765700
2018-05-29,143.3200,145.3200,141.8000,143.2900,857444
2018-05-25,143.0500,144.6600,142.6799,143.6400,654156
2018-05-24,140.4900,143.6800,140.2500,143.0500,909404
2018-05-23,138.0000,141.2500,137.5000,140.8300,997155
2018-05-22,140.7000,142.9900,137.3100,138.7500,2760505
2018-05-21,148.7300,150.9700,143.4200,144.5100,1564005
2018-05-18,145.2600,147.7000,144.7300,147.0600,1035823
2018-05-17,142.2200,146.6180,141.9000,146.1000,1440163
2018-05-16,143.0200,144.6300,142.1100,142.2800,713323
2018-05-15,141.2100,142.7500,137.6300,142.5000,1140679
2018-05-14,145.3000,148.2900,142.2300,142.6400,1479461
2018-05-11,146.3300,146.6700,142.7100,144.4700,1161644
2018-05-10,146.4000,146.9700,145.1300,146.2300,1162244
2018-05-09,144.0000,146.4750,143.0000,146.1000,1534212
2018-05-08,139.4700,146.0499,138.6100,143.3100,2310235
2018-05-07,137.7900,139.0500,136.5900,138.5600,1364210
2018-05-04,134.8000,138.2608,132.6300,136.1300,1933990
2018-05-03,124.8100,135.5300,124.2500,135.1700,3316518
2018-05-02,126.8500,129.7400,122.4800,124.8100,2964527
2018-05-01,125.0800,128.1000,118.8100,127.6800,7356537
2018-04-30,128.0000,134.4300,127.0100,133.6300,3840393
2018-04-27,126.7700,127.1000,124.2000,126.6200,1703850
2018-04-26,121.9800,125.5200,121.9800,124.1500,1376171
2018-04-25,123.0000,123.3300,118.5450,120.0200,1214753
2018-04-24,123.9000,126.8499,121.5100,123.1400,1921184
2018-04-23,127.1900,127.2200,121.1500,122.9100,2039504
2018-04-20,126.5000,127.6000,125.2850,126.7900,1670341
2018-04-19,126.1200,129.5800,125.5751,126.6700,1356583
2018-04-18,126.3200,128.3100,123.2600,127.5600,1770983
2018-04-17,118.0000,127.3200,117.9100,125.9600,2706788
2018-04-16,117.8300,118.0000,113.6800,116.9400,2108661
2018-04-13,122.0000,122.1900,116.2400,117.5100,4578266
2018-04-12,120.5600,121.2490,119.1300,120.7500,1998510
2018-04-11,121.9900,124.2000,119.3600,119.5300,1203220
2018-04-10,122.4500,123.4900,118.9500,122.8700,1628199
2018-04-09,119.1500,123.7100,118.1001,118.9500,1788554
2018-04-06,118.7700,120.7900,115.9600,117.4200,1089927
2018-04-05,123.7500,125.5200,119.6000,120.1400,1239918
2018-04-04,114.1100,121.3500,112.5000,120.6700,1486729
2018-04-03,124.0000,125.4800,117.8000,119.3700,1823985
2018-04-02,124.7100,127.5000,120.3000,122.0800,1843422
2018-03-29,120.9000,126.2800,118.5700,124.5900,2966567
2018-03-28,127.5000,127.7500,120.6800,121.6000,3657489
2018-03-27,136.2500,139.1299,127.2100,128.8200,2833288
2018-03-26,145.2600,147.8200,130.5000,136.7200,5249818
2018-03-23,145.9800,148.4700,141.0000,141.6600,1856714
2018-03-22,147.5100,152.7999,145.3300,145.4500,1812936
2018-03-21,153.5400,154.0000,148.2600,149.4000,1650241
2018-03-20,145.4400,154.8200,145.0000,153.1100,1904380
2018-03-19,145.9000,148.1900,142.9300,145.6200,1017626
2018-03-16,147.2100,148.1400,145.3601,147.2200,639552
2018-03-15,147.7500,149.0000,146.2000,147.4100,866277
2018-03-14,145.6100,148.1200,143.8800,146.2500,971482
2018-03-13,148.6000,148.7528,144.5100,145.3200,1115615
2018-03-12,149.7300,150.1500,147.3800,148.1500,791314
2018-03-09,149.4200,150.4700,147.6200,149.1600,1418678
2018-03-08,144.6200,148.0200,144.6200,147.4100,1925242
2018-03-07,139.9500,144.4400,139.0000,143.6800,1486267
2018-03-06,140.1500,143.3700,139.7201,141.5100,1352423
2018-03-05,135.1700,139.8500,134.0000,139.2900,2026987
2018-03-02,135.0000,137.5000,134.4700,136.7500,1178770
2018-03-01,137.0000,139.1500,133.3200,136.8500,1802836
2018-02-28,139.2900,140.5000,137.9300,138.2100,1394962
2018-02-27,136.5700,139.4400,135.5900,137.6600,1483257
2018-02-26,137.5200,138.3200,135.1400,136.2700,1462636
2018-02-23,135.4900,137.0000,133.1000,137.0000,1622657
2018-02-22,133.9600,136.5250,133.2000,134.1800,2410388
2018-02-21,136.7500,137.3400,132.7700,132.9000,5361191
2018-02-20,136.8300,146.1200,136.6200,142.7800,2714600
2018-02-16,135.4900,138.6600,134.1100,137.5300,2235332
2018-02-15,135.0000,140.7500,130.3000,137.9500,5776463
2018-02-14,125.1000,138.1600,125.0200,137.5600,4236825
2018-02-13,127.7500,130.4200,125.1300,126.0600,1987834
2018-02-12,123.3000,128.9500,122.1736,127.9400,2702853
2018-02-09,120.7400,123.9300,114.1600,119.5500,2882546
2018-02-08,124.5000,127.0700,118.5000,118.5100,2102341
2018-02-07,122.7500,127.7000,121.4100,123.3400,1696012
2018-02-06,113.8100,122.7000,112.0600,122.1400,2705861
2018-02-05,120.5700,127.2850,118.3000,118.3000,2324194
2018-02-02,125.5000,128.6800,123.8000,125.1200,1371170
2018-02-01,127.0300,131.1590,125.7000,126.2800,1168111
2018-01-31,126.1200,128.5900,125.5800,127.9200,1217510
2018-01-30,121.7000,125.8300,119.0900,124.2100,1737938
2018-01-29,129.7000,129.9700,125.2200,127.3000,1721470
2018-01-26,126.3600,130.4700,124.0000,129.0700,2037422
2018-01-25,121.0000,126.2400,120.3300,124.9000,1940557
2018-01-24,119.7500,121.9500,118.2500,119.6700,1023774
2018-01-23,119.7100,120.0600,115.8000,118.6900,1135181
2018-01-22,115.4400,119.6500,115.4400,119.4300,1180366
2018-01-19,115.1000,115.8100,114.6001,115.4800,692931
2018-01-18,114.4800,116.7300,114.0700,114.8000,697662
2018-01-17,112.5600,115.8400,111.4800,114.9100,1226476
2018-01-16,114.6500,114.6600,111.1800,111.9200,1175528
2018-01-12,111.2900,114.5000,111.0900,112.8000,845996
2018-01-11,111.0700,111.7500,110.5000,111.1300,639976
2018-01-10,109.7000,111.4600,109.0000,111.0000,668180
2018-01-09,112.3500,113.6700,109.7300,110.7300,744664
2018-01-08,109.9900,112.6900,109.9900,112.3500,748802
2018-01-05,110.5500,111.7700,109.0200,110.5800,771047
2018-01-04,108.3300,110.0600,107.2100,109.9500,1160999
2018-01-03,106.3600,108.1200,106.1700,107.7500,1162802
2018-01-02,101.5900,105.7200,101.0200,105.4900,1395289
2017-12-29,102.5200,102.5500,100.4000,101.0000,776232
2017-12-28,104.7900,105.2200,101.5900,102.3900,663133
2017-12-27,104.8300,105.2000,103.3200,104.5000,478328
2017-12-26,102.4100,105.3900,101.5500,104.8400,404361
2017-12-22,102.8100,104.5500,102.1300,103.8600,590409
2017-12-21,105.8600,106.5900,104.5600,104.8000,478478
2017-12-20,106.2200,106.8399,103.6100,105.2400,641322
2017-12-19,107.2300,107.6300,105.6100,105.7300,831078
2017-12-18,107.2800,108.0400,106.3401,107.6200,1254172
2017-12-15,103.9800,106.3500,102.8000,105.2200,1246447
2017-12-14,103.7800,104.6500,102.8010,103.2300,616965
2017-12-13,101.8800,104.2200,101.8600,103.2100,932931
2017-12-12,103.8200,104.0000,100.5000,101.4000,1083699
2017-12-11,101.2900,105.1150,101.2900,104.1100,1393664
2017-12-08,102.1200,102.9600,99.8700,100.7700,1315744
2017-12-07,96.5200,99.9700,96.1082,99.7900,1599203
2017-12-06,94.9000,96.6200,93.8210,95.7700,1404421
2017-12-05,95.3000,98.5800,92.4101,95.2800,2454541
2017-12-04,105.2700,105.2700,96.1900,96.6200,2740816
2017-12-01,103.9000,104.7700,100.1000,103.2700,1416243
2017-11-30,105.6100,105.8150,103.1501,103.8200,1160096
2017-11-29,111.6100,111.8800,100.5900,103.6700,3829989
2017-11-28,114.0600,114.1466,110.5100,112.0900,1392878
2017-11-27,114.5100,117.0700,113.1950,113.3600,2331857
2017-11-24,111.0900,112.6300,110.6000,111.8100,649894
2017-11-22,110.5000,111.5220,107.5600,110.4100,997021
2017-11-21,110.0300,112.3800,109.6500,110.1700,1905460
2017-11-20,105.0000,108.9800,104.8900,108.5600,2098614
2017-11-17,104.1200,105.6940,103.2330,104.8900,1230604
2017-11-16,98.6600,104.7700,98.5200,103.8900,2765602
2017-11-15,97.2400,99.4200,97.2000,98.0400,921252
2017-11-14,97.5600,99.9800,97.4800,98.9700,850719
2017-11-13,99.0200,99.2500,97.7700,98.7700,1046154
2017-11-10,96.7900,100.8800,96.5080,100.0100,1754921
2017-11-09,98.3700,98.6500,95.5500,97.0300,1677486
2017-11-08,99.0300,99.9900,98.5150,99.4000,863237
2017-11-07,99.1100,100.4800,98.3100,99.7100,1089384
2017-11-06,100.0000,100.8000,99.0000,99.8400,1384251
2017-11-03,100.7600,101.9050,98.5200,98.7100,1969555
2017-11-02,95.0500,100.8100,95.0150,99.8900,2679208
2017-11-01,99.7400,100.5000,95.0000,96.2000,5504735
2017-10-31,101.3800,104.8100,94.5100,99.4900,12927067
2017-10-30,108.2900,109.4500,105.1700,109.3600,3244263
2017-10-27,106.6900,108.0000,105.2000,107.2700,2341017
2017-10-26,103.0100,105.5000,102.7200,104.1100,1566357
2017-10-25,107.2500,108.5300,100.7010,102.9900,4091933
2017-10-24,102.8900,107.4800,102.8900,106.4100,2878170
2017-10-23,103.0900,104.1400,101.4000,102.9100,2428673
2017-10-20,98.6000,102.5000,98.5500,102.1000,3292698
2017-10-19,98.1700,98.5000,96.2500,98.2500,1985956
2017-10-18,96.0700,99.7000,95.9000,98.9300,2497933
2017-10-17,97.0000,97.5100,95.4000,96.2100,2475409
2017-10-16,94.5000,97.2120,93.3400,96.9800,2951761
2017-10-13,94.4000,95.2370,93.6980,94.2200,1760474
2017-10-12,96.3000,97.3000,94.1300,94.3600,3517209
2017-10-11,91.9100,96.6700,91.9000,95.0200,6214555
2017-10-10,97.2700,99.0000,89.3500,92.5700,11373160
2017-10-09,96.5200,98.4900,96.0400,97.3800,2967981
2017-10-06,98.0000,100.2000,95.5600,97.9200,7779661
2017-10-05,97.5300,103.4300,93.3100,100.4300,19780742
2017-10-04,116.8300,116.9300,100.7500,103.3000,20874916
2017-10-03,119.9000,120.6900,116.3260,116.8100,1688203
2017-10-02,117.0000,119.6700,116.7400,119.0000,1116706
2017-09-29,116.6100,117.7600,115.3000,116.4900,866326
2017-09-28,117.5200,117.6800,115.1200,116.4500,889087
2017-09-27,114.9400,118.6900,114.1000,117.4000,1579979
2017-09-26,116.1000,117.7100,111.8800,113.3800,1806998
2017-09-25,119.8500,119.8800,113.5100,114.4700,2316433
2017-09-22,119.6700,121.4600,118.5300,120.2700,760712
2017-09-21,118.8600,120.8380,116.2600,120.1500,1290165
2017-09-20,122.8200,123.6300,117.4000,119.2900,1828440
2017-09-19,123.3300,123.8800,122.1400,122.9400,785956
2017-09-18,120.8000,123.9400,120.7010,122.4200,1373926
2017-09-15,120.0200,121.2100,119.3750,120.2600,844021
2017-09-14,119.3300,121.0000,116.6100,120.2000,1066429
2017-09-13,120.5300,122.5000,117.9300,119.2100,2006027
2017-09-12,118.9400,120.8200,116.8800,120.5000,1770544
2017-09-11,115.4400,118.6040,114.9000,117.9900,1423288
2017-09-08,113.2900,114.8800,112.4000,113.6100,924465
2017-09-07,110.4700,113.5300,110.1400,113.4600,1138485
2017-09-06,110.9000,111.9400,108.7500,110.2200,1140324
2017-09-05,109.9700,112.0000,108.0300,110.6700,1558624
2017-09-01,111.8100,112.0000,109.8600,110.8600,1022803
2017-08-31,109.2600,111.5700,108.3100,110.9200,1604341
2017-08-30,104.7600,108.7700,104.6000,108.4400,1538530
2017-08-29,101.7000,105.0000,101.3300,104.3700,1137208
2017-08-28,103.9600,104.9300,101.6200,103.7900,1112423
2017-08-25,106.8300,107.0000,102.7500,103.7400,1722794
2017-08-24,102.9000,106.9000,102.7500,106.5300,3377761
2017-08-23,97.8200,102.8000,97.1400,102.4600,2374294
2017-08-22,96.9100,98.9100,96.6200,98.6100,1357692
2017-08-21,94.5800,96.4700,94.5000,96.2700,1127503
2017-08-18,93.5700,95.1480,93.0210,94.5800,988637
2017-08-17,94.3900,95.7200,93.4700,93.5000,1398357
2017-08-16,93.6300,94.8700,93.0100,94.6100,749993
2017-08-15,94.2600,94.5690,92.7700,93.1500,807308
2017-08-14,93.2900,95.5000,93.2500,94.0600,1680637
2017-08-11,88.5100,93.0000,88.5000,91.7100,1951120
2017-08-10,94.4800,94.4800,88.2100,88.4000,3396596
2017-08-09,95.1800,96.4500,94.2100,95.1900,1750664
2017-08-08,97.9300,98.9000,96.0000,96.5100,1467379
2017-08-07,96.4500,99.1000,96.4300,97.7900,1077560
2017-08-04,97.3200,98.4400,96.0300,96.2800,1479469
2017-08-03,99.5000,99.8900,96.5600,97.1600,2285547
2017-08-02,104.5000,104.5400,97.2900,98.3500,4507849
2017-08-01,103.9200,105.7900,98.6000,104.0800,9672270
2017-07-31,93.6700,94.5200,91.3600,92.3700,2497744
2017-07-28,89.5500,93.4200,88.2910,92.9800,1414072
2017-07-27,94.7000,95.5000,88.6400,90.4300,2221040
2017-07-26,92.9500,95.0000,92.8500,93.9200,1163762
2017-07-25,93.5600,93.6500,90.7000,92.1600,1197465
2017-07-24,89.8700,93.6500,89.4900,93.6100,1466450
2017-07-21,90.4500,91.2600,89.3300,89.4200,1400768
2017-07-20,92.4300,92.8300,90.1900,90.8700,961455
2017-07-19,93.7400,94.5000,91.3000,91.9000,1394332
2017-07-18,91.2900,93.9032,90.1100,93.1800,1432397
2017-07-17,92.2200,93.3000,89.6340,90.4900,1520636
2017-07-14,93.8300,93.8900,91.7000,92.4100,1021724
2017-07-13,95.7400,96.8000,92.5100,93.0200,1789952
2017-07-12,92.1500,95.1700,92.0000,94.6800,1760941
2017-07-11,90.7600,92.5700,90.1720,91.2900,1259695
2017-07-10,89.1000,91.4800,88.2880,90.9900,1284439
2017-07-07,87.1800,89.2300,87.0000,88.9900,1022620
2017-07-06,86.6400,87.8300,85.8100,86.2100,1213275
2017-07-05,85.6300,89.4700,85.5800,88.1100,1784164
2017-07-03,87.1500,87.9100,84.8000,86.0000,887446
2017-06-30,85.8600,88.0000,85.6400,86.9000,1697538
2017-06-29,88.9700,88.9700,83.1600,86.4000,2720259
2017-06-28,87.8300,89.5900,85.5100,89.5200,2048218
2017-06-27,91.2400,92.2000,86.8000,87.0400,2175883
2017-06-26,95.1100,96.9800,90.2700,92.0400,1954564
2017-06-23,91.0400,95.2000,90.5000,94.4800,1462676
2017-06-22,91.3200,92.1100,90.2700,91.3700,1013323
2017-06-21,89.2400,91.7800,89.2000,91.2500,1497398
2017-06-20,91.1100,91.8500,88.6100,88.9400,1548913
2017-06-19,88.2800,90.8400,87.7900,90.5600,2183506
2017-06-16,86.9600,88.1900,85.6800,86.9300,2499184
2017-06-15,81.9000,85.5400,81.5500,85.4800,2896062
2017-06-14,87.4700,88.2000,84.4300,85.3600,2123628
2017-06-13,87.3900,90.5600,84.4760,86.9300,3955459
2017-06-12,90.0100,90.2900,82.5100,88.8900,5244420
2017-06-09,98.7000,100.8000,89.3100,91.4500,4656301
2017-06-08,97.2800,98.8600,95.6400,98.8400,1401234
2017-06-07,98.9000,99.6000,96.5100,96.9900,1835106
2017-06-06,96.9600,99.7800,96.3700,98.6100,1948681
2017-06-05,98.3500,99.3800,96.1100,97.4800,2128676
2017-06-02,93.7000,97.8500,93.4500,97.5300,3166571
2017-06-01,92.4900,93.7000,90.5400,93.4400,1831824
2017-05-31,90.8800,92.2800,88.9200,91.8600,2488734
2017-05-30,91.1000,93.2400,89.6900,90.5700,1970343
2017-05-26,90.2600,91.1100,90.0000,90.7400,1099760
2017-05-25,91.3500,91.9500,89.3500,90.2200,1496198
2017-05-24,90.1900,91.5000,90.0700,90.8100,1244460
2017-05-23,90.8600,91.2500,89.6300,90.0200,1991295
2017-05-22,89.9400,90.9000,88.6100,89.6000,1796878
2017-05-19,90.6000,91.8900,87.5000,88.8700,7890913
2017-05-18,83.1700,92.9800,81.0000,92.1100,7979641
2017-05-17,93.0500,93.2500,89.5700,89.8400,3352952
2017-05-16,94.9600,95.8500,92.6000,94.9300,2276679
2017-05-15,94.4400,95.8800,93.5100,94.2400,2327214
2017-05-12,91.9500,94.9400,91.0000,93.5800,1814090
2017-05-11,93.2500,93.5600,88.8000,92.0200,2857497
2017-05-10,89.5200,93.5300,89.5100,93.0600,2264228
2017-05-09,87.2500,91.1300,86.8500,89.1500,2519354
2017-05-08,87.0200,87.2530,85.6000,86.7800,2035328
2017-05-05,81.7200,85.8200,81.7200,85.5300,1862100
2017-05-04,82.9300,82.9300,81.0400,81.3500,1398076
2017-05-03,81.7900,83.5600,80.7200,81.7200,2184819
2017-05-02,80.4100,84.5800,77.5710,82.9800,6148399
2017-05-01,75.7000,77.7800,74.8200,77.2600,2513414
2017-04-28,73.3200,76.0400,73.1500,75.9500,1903072
2017-04-27,73.3900,74.4000,71.2700,73.0900,1754571
2017-04-26,75.0400,75.1700,72.3300,74.1200,2013830
2017-04-25,76.0300,76.7600,74.4600,76.6500,1764959
2017-04-24,77.9400,78.1900,75.2000,75.8300,1565213
2017-04-21,77.6200,77.7900,74.9700,76.3800,1778587
2017-04-20,73.4000,76.2500,73.2600,76.0600,1667905
2017-04-19,71.9000,73.5000,71.7000,72.6400,1215562
2017-04-18,71.7000,72.2000,70.8630,71.5800,824874
2017-04-17,71.4600,72.2600,70.7800,71.7000,1018927
2017-04-13,69.3300,71.8800,69.0800,70.6300,1642998
2017-04-12,69.0000,70.0700,68.9310,69.2500,761517
2017-04-11,69.1200,69.7000,67.4500,69.0600,965901
2017-04-10,69.0900,70.0600,68.7500,69.2800,996089
2017-04-07,68.5800,68.9820,68.2800,68.7100,474855
2017-04-06,67.9100,68.8750,67.9100,68.5200,840183
2017-04-05,68.8500,69.6400,67.7300,67.8900,1014120
2017-04-04,69.2300,70.0000,68.1600,68.5300,1013604
2017-04-03,68.1600,69.3490,67.2200,69.2300,1387905
2017-03-31,67.8600,69.4400,67.0500,68.0900,2664976
2017-03-30,72.6900,72.8650,68.7200,69.0500,3092466
2017-03-29,72.7800,72.9900,70.8000,72.7200,1565362
2017-03-28,70.6600,73.0000,70.5510,72.3700,1740836
2017-03-27,68.3000,70.7500,67.3300,70.4000,1620953
2017-03-24,68.0100,70.1080,67.6900,68.9800,1462481
2017-03-23,66.8100,68.3000,66.7300,67.5800,1307571
2017-03-22,66.9700,67.4800,64.7500,66.7100,1445771
2017-03-21,69.9300,71.5700,66.8400,67.1900,3631737
2017-03-20,67.3600,68.9160,67.2000,68.8600,1805857
2017-03-17,65.4900,67.3900,65.2800,66.9900,1496588
2017-03-16,65.0100,65.3000,64.5600,64.9900,541341
2017-03-15,64.0300,64.9900,63.0800,64.8400,882649
2017-03-14,64.6200,64.7300,63.5200,63.8300,702122
2017-03-13,64.3800,65.2100,63.9600,64.9300,1003686
2017-03-10,63.4000,64.3300,62.5000,64.1500,1218293
2017-03-09,61.0600,62.5300,60.7150,62.3900,995871
2017-03-08,60.2500,61.5000,60.0800,60.9100,875247
2017-03-07,59.2900,60.6600,59.2000,60.1300,1083670
2017-03-06,59.9400,60.2600,58.6270,59.3200,698604
2017-03-03,59.6400,60.3800,59.1200,60.2900,989497
2017-03-02,59.7200,60.6500,59.4800,59.6700,964083
2017-03-01,60.1700,60.1700,59.0200,59.6500,1101760
2017-02-28,59.4700,60.8400,59.1500,59.2100,1134193
2017-02-27,61.8000,61.8700,59.8200,59.9300,1535112
2017-02-24,62.0200,62.2800,60.5910,61.7500,1168630
2017-02-23,64.1700,64.3600,61.8300,62.7300,1470143
2017-02-22,63.0000,63.8000,61.7800,63.5900,1199067
2017-02-21,62.1500,63.9300,61.8600,63.0800,1952054
2017-02-17,60.7600,61.6800,60.0300,61.5200,1194278
2017-02-16,61.1800,62.4700,59.5600,60.9700,2186749
2017-02-15,54.8700,61.4900,54.3000,60.6100,5696904
2017-02-14,56.3200,56.3200,55.1500,56.0500,1966613
2017-02-13,56.0100,57.1600,55.3200,56.0500,2541111
2017-02-10,55.2300,56.2500,54.9000,55.2200,1785439
2017-02-09,53.7500,55.0000,53.7500,54.6100,900240
2017-02-08,53.5900,53.6400,52.7300,53.3700,704270
2017-02-07,52.9900,53.6600,52.6500,53.1300,681205
2017-02-06,52.1900,52.7400,51.4600,52.6800,420996
2017-02-03,52.6100,52.6300,51.4000,52.1200,768864
2017-02-02,51.1800,52.6500,51.0400,52.3200,954848
2017-02-01,51.6400,51.7070,50.6200,51.1900,552613
2017-01-31,50.3400,50.8500,50.1700,50.8200,704295
2017-01-30,51.6100,51.7300,49.9700,50.7000,937662
2017-01-27,51.0000,51.6400,51.0000,51.5400,532651
2017-01-26,51.8100,52.0000,50.6500,51.0100,837587
2017-01-25,50.1100,51.9800,50.0200,51.3600,1116489
2017-01-24,49.8600,50.0000,48.9300,49.4200,852330
2017-01-23,50.1000,50.3500,49.2500,49.4400,871939
2017-01-20,50.7700,51.3700,49.8710,50.0900,916662
2017-01-19,50.1200,51.1300,49.9000,50.6600,1000322
2017-01-18,49.6600,50.0000,49.0400,49.9800,846045
2017-01-17,48.8300,49.7500,48.3100,49.5200,1306322
2017-01-13,48.5800,49.4300,48.0200,48.1000,1054174
2017-01-12,48.6400,48.8500,47.6100,48.5800,928948
2017-01-11,47.9300,48.7100,47.2810,48.3300,947644
2017-01-10,47.0200,49.1300,47.0200,47.8700,1601042
2017-01-09,47.1100,47.5400,46.7000,47.1800,921122
2017-01-06,47.3600,47.6500,45.7000,46.9000,2061477
2017-01-05,44.4700,47.9400,44.2500,47.6800,5070193
2017-01-04,43.2600,44.4200,42.8500,44.1400,848140
2017-01-03,43.2800,43.4600,42.1350,42.8200,705934
2016-12-30,43.2800,43.4800,42.6100,42.8700,406868
2016-12-29,43.3900,43.9000,42.5200,43.1000,532616
2016-12-28,43.5300,44.2400,42.8300,43.2200,869219
2016-12-27,41.5400,43.8000,41.5198,43.6400,751573
2016-12-23,40.0400,41.3800,40.0400,41.3400,639829
2016-12-22,40.8000,40.9090,39.8510,40.1700,502563
2016-12-21,41.5200,41.5200,40.6400,40.8000,649493
2016-12-20,41.8700,41.9600,41.1001,41.4200,515635
2016-12-19,42.3500,42.9200,41.7500,41.8700,521915
2016-12-16,42.5000,42.6200,41.8900,42.0500,446044
2016-12-15,41.6200,42.8300,41.3500,42.4100,703717
2016-12-14,42.3100,42.5200,41.3800,41.7500,534288
2016-12-13,42.0100,42.7300,41.8950,42.2700,547923
2016-12-12,42.7500,42.8700,41.8700,42.0400,505568
2016-12-09,43.0000,43.6700,41.7800,42.2200,713100
2016-12-08,41.0900,42.9850,40.5394,42.6300,1116194
2016-12-07,41.1700,41.2100,40.0500,40.7200,535605
2016-12-06,40.9500,41.4235,40.1900,40.9000,394586
2016-12-05,39.4700,41.2300,39.4700,40.5700,889877
2016-12-02,39.7300,40.3800,38.6900,39.0500,1277933
2016-12-01,41.8100,42.0600,39.6200,39.6700,1117519
2016-11-30,43.0700,43.2500,41.5900,41.6700,820867
2016-11-29,42.8800,43.2000,42.3500,42.5900,445243
2016-11-28,43.7100,43.7500,42.3200,42.4900,500581
2016-11-25,43.4600,43.6754,43.0500,43.2700,207067
2016-11-23,42.9300,43.4150,42.5900,43.0500,784629
2016-11-22,44.8300,45.2300,42.5500,42.9600,1699293
2016-11-21,44.0300,45.4500,43.7600,44.8900,1271967
2016-11-18,42.4900,44.2400,42.0900,44.0500,1424480
2016-11-17,41.0800,42.3400,40.3600,42.0200,1161714
2016-11-16,39.8900,40.7290,39.4500,40.3600,564199
2016-11-15,37.9800,40.3600,37.9000,39.9200,941690
2016-11-14,39.9500,39.9500,37.7400,37.9000,1178655
2016-11-11,39.8800,40.0500,38.9200,39.6600,891355
2016-11-10,40.7300,41.5400,39.5000,40.0900,939402
2016-11-09,39.7900,41.1300,39.5300,40.5800,1086137
2016-11-08,40.1400,41.5600,39.7700,41.3500,801204
2016-11-07,40.4700,40.4700,39.5400,40.1500,824807
2016-11-04,40.1800,40.6700,38.9700,39.1500,935849
2016-11-03,42.9500,43.3500,38.7500,40.4100,2553899
2016-11-02,42.0000,45.1800,41.8400,43.5700,2151035
2016-11-01,41.3100,41.8900,40.6900,40.7800,937173
2016-10-31,41.0300,41.7500,40.8649,41.4500,655697
2016-10-28,41.3100,41.6200,40.8300,40.8400,814152
2016-10-27,43.1300,43.5758,41.3400,41.3500,602575
2016-10-26,43.3100,43.6900,42.8800,43.0300,683777
2016-10-25,44.2100,44.2100,43.1500,43.4900,456751
2016-10-24,43.7500,44.2400,43.5500,43.8600,331349
2016-10-21,42.7200,43.6700,42.7200,43.4800,330617
2016-10-20,43.4100,43.5000,42.8000,43.1500,248091
2016-10-19,42.5300,44.2400,42.4200,43.3900,502144
2016-10-18,42.5500,42.6400,42.1400,42.4800,230789
2016-10-17,42.2100,42.7500,41.6900,42.0200,444975
2016-10-14,42.4700,43.6300,42.1500,42.8200,501272
2016-10-13,42.0000,42.3300,40.1500,42.0900,919755
2016-10-12,42.1200,42.7300,41.6700,42.3900,338075
2016-10-11,44.3700,44.3700,41.9100,42.3000,556125
2016-10-10,44.8700,45.0000,43.5300,43.7300,430828
2016-10-07,44.0700,44.5400,43.5100,44.3600,735420
2016-10-06,43.9400,43.9400,43.2100,43.6800,313094
2016-10-05,43.8200,44.3000,43.2600,43.7700,493042
2016-10-04,43.6700,44.0900,43.1400,43.4100,560514
2016-10-03,43.2400,43.7600,42.2770,43.0300,582992
2016-09-30,43.0300,43.3900,42.7700,42.9200,384818
2016-09-29,43.0100,44.1199,42.6300,42.9600,666415
2016-09-28,42.7000,43.1600,40.7400,42.7500,1468169
2016-09-27,43.1700,44.0000,43.0200,43.8700,464738
2016-09-26,43.1200,43.4700,42.9000,43.2000,423036
2016-09-23,43.8600,43.9700,42.8600,43.3500,627837
2016-09-22,44.9900,45.2000,43.6001,43.8600,1021644
2016-09-21,42.9300,44.6500,42.7500,44.5000,1057018
2016-09-20,43.1300,43.3200,41.5200,42.4600,973477
2016-09-19,41.9800,44.8700,41.7900,42.9500,1682428
2016-09-16,41.8600,41.8600,40.8100,41.4900,689353
2016-09-15,41.2100,42.1000,40.7700,41.7700,523695
2016-09-14,40.7400,41.7437,40.5600,40.9000,579660
2016-09-13,41.1800,41.5400,39.9500,40.5700,591031
2016-09-12,40.0800,42.3300,39.7800,41.6300,1029496
2016-09-09,42.6500,42.8250,40.7400,41.0400,950564
2016-09-08,42.7000,43.4800,42.3900,43.2100,651179
2016-09-07,43.4500,43.6800,42.3200,42.7800,523390
2016-09-06,42.8200,43.5700,42.5000,43.1900,810230
2016-09-02,40.9500,43.7800,40.9500,42.4200,1449811
2016-09-01,41.2000,41.4000,39.9100,40.6700,971502
2016-08-31,41.1400,41.4100,40.8000,41.3600,671925
2016-08-30,41.4200,41.5500,40.8800,41.2900,392697
2016-08-29,41.5200,41.8099,41.0700,41.3900,389742
2016-08-26,40.8100,41.9700,40.8100,41.5200,586516
2016-08-25,40.7800,41.0700,40.2100,40.6300,942649
2016-08-24,41.8800,42.6500,40.7100,40.9400,792621
2016-08-23,42.9800,43.6200,41.6900,41.7600,1703253
2016-08-22,42.7100,42.7100,41.3900,42.4700,1015774
2016-08-19,40.3700,42.7900,40.2500,42.4100,1738512
2016-08-18,38.7300,40.6500,38.6800,40.2500,2196918
2016-08-17,38.9000,39.5700,38.6000,38.7400,5812108
2016-08-16,38.0200,39.4800,37.0000,38.3700,1924321
2016-08-15,39.8600,39.9000,38.8800,39.0800,1199202
2016-08-12,39.9200,40.5500,39.0100,39.3800,970367
2016-08-11,39.5500,40.9300,39.5500,39.9100,2146390
2016-08-10,39.1300,39.7500,39.1200,39.2900,1058471
2016-08-09,38.3300,39.2300,38.0100,38.7900,1356795
2016-08-08,37.5300,38.7400,37.3250,38.3100,1203295
2016-08-05,37.0600,37.4000,36.3600,37.0100,932163
2016-08-04,35.8500,36.9500,35.5500,36.8500,1561606
2016-08-03,34.9700,37.1500,33.2000,36.7900,3353717
2016-08-02,34.2200,34.5500,32.8500,33.5300,1203838
2016-08-01,34.4200,34.4800,33.0910,34.0500,730272
2016-07-29,34.3100,34.7600,33.5000,34.2700,672541
2016-07-28,33.5100,34.5700,33.4300,34.2700,1046890
2016-07-27,32.9800,33.5200,32.7900,33.2100,856866
2016-07-26,32.5400,32.7300,31.8300,32.5500,802745
2016-07-25,32.9600,33.1000,32.5000,32.6000,540646
2016-07-22,32.9000,33.4600,32.4700,32.8700,1636973
2016-07-21,33.2100,33.4900,32.2500,32.7300,994528
2016-07-20,32.8100,33.5700,32.7300,33.0900,1239329
2016-07-19,32.3400,33.3500,32.2800,33.2600,1570083
2016-07-18,32.7900,32.8790,31.9100,32.2000,779852
2016-07-15,32.2200,32.4600,31.8200,32.3200,1151673
2016-07-14,32.4100,32.5000,31.8900,32.1000,611593
2016-07-13,32.7800,33.0000,31.8100,31.9900,593921
2016-07-12,32.0000,33.2500,31.9501,32.4900,1448554
2016-07-11,31.0000,32.0000,30.8800,31.8500,1049668
2016-07-08,30.6000,31.1100,30.5410,31.0000,889800
2016-07-07,30.6200,30.8400,30.2500,30.3700,305241
2016-07-06,30.2600,30.7000,30.0000,30.6500,382075
2016-07-05,30.9700,30.9700,30.2500,30.6100,659194
2016-07-01,30.7500,31.0200,30.6500,30.8300,549062
2016-06-30,30.4200,31.1100,29.9650,30.7600,900932
2016-06-29,29.1600,30.3500,29.1000,30.3200,640753
2016-06-28,27.7900,28.5400,27.2400,28.5400,640934
2016-06-27,28.6000,29.0300,26.3500,27.1600,887896
2016-06-24,29.0700,30.1400,28.4400,29.0700,588562
2016-06-23,30.0600,31.5100,29.7500,31.2000,971062
2016-06-22,29.7600,30.1550,29.5400,29.8100,383118
2016-06-21,29.6600,30.0200,29.4700,29.8700,617685
2016-06-20,29.2600,30.0800,28.9000,29.7700,953732
2016-06-17,28.5300,29.1200,28.2100,28.9400,344192
2016-06-16,28.6400,28.6400,27.7600,28.3700,286970
2016-06-15,29.0100,29.4800,28.6200,28.6600,375362
2016-06-14,27.8500,29.0700,27.7500,29.0500,414997
2016-06-13,28.1500,28.4300,27.7500,27.9900,326419
2016-06-10,29.0200,29.2000,28.1300,28.2800,636527
2016-06-09,29.9200,30.1200,29.3500,29.4100,498150
2016-06-08,29.9200,30.3800,29.8300,30.0900,677291
2016-06-07,29.9000,30.1399,29.5900,29.8600,1018421
2016-06-06,29.7200,30.0800,29.4500,30.0000,987172
2016-06-03,29.9900,30.1500,29.3000,29.5800,496489
2016-06-02,30.2500,30.9000,29.8000,29.8400,1277407
2016-06-01,30.1500,31.3100,29.9001,31.0700,2717956
2016-05-31,28.7900,29.4100,28.6000,29.2900,852559
2016-05-27,27.6700,28.6900,27.6200,28.5700,397769
2016-05-26,28.4000,28.4000,27.6000,27.7600,363794
2016-05-25,27.1000,28.3300,27.0400,28.2000,924443
2016-05-24,26.6800,27.3700,26.4100,27.0600,843329
2016-05-23,26.1500,27.2900,26.0900,26.8200,712683
2016-05-20,26.0000,26.3900,26.0000,26.1000,366626
2016-05-19,26.0700,26.2900,25.7000,25.9700,760449
2016-05-18,26.6500,27.4800,26.1500,26.3400,625252
2016-05-17,26.1700,26.9500,26.0100,26.8000,688663
2016-05-16,26.4400,26.6000,26.0100,26.1600,520769
2016-05-13,26.9100,27.1800,24.9600,26.2900,396584
2016-05-12,26.3100,27.1400,26.3100,26.9500,632980
2016-05-11,26.6300,26.6300,25.9600,26.2700,410302
2016-05-10,26.5700,26.7400,26.1600,26.6300,585061
2016-05-09,27.4300,27.5000,25.7000,26.4600,1623615
2016-05-06,28.4000,28.4000,27.4300,27.7200,728835
2016-05-05,29.5300,29.8000,28.1000,28.5200,1054766
2016-05-04,30.7300,31.1399,28.0500,29.6100,1839439
2016-05-03,31.0000,31.3430,30.6500,30.7400,424778
2016-05-02,31.8800,31.8800,30.8201,31.4100,506372
2016-04-29,31.8600,32.2800,31.6500,31.8500,365219
2016-04-28,32.0600,32.1000,31.4900,31.7500,282511
2016-04-27,31.4900,32.0000,31.2500,31.8300,240709
2016-04-26,31.3900,31.5900,30.8900,31.4700,216920
2016-04-25,31.9000,31.9883,30.8000,31.1300,326246
2016-04-22,31.5300,31.9900,31.2000,31.8100,224196
2016-04-21,31.6500,31.9600,31.3500,31.5300,262857
2016-04-20,32.2600,32.3102,31.5000,31.5000,442105
2016-04-19,31.9300,32.3900,31.5000,32.0500,483753
2016-04-18,31.0700,31.9500,30.2300,31.5300,621052
2016-04-15,31.0200,31.0900,30.5500,30.9700,290361
2016-04-14,30.2700,30.9900,29.8500,30.9600,627805
2016-04-13,29.9600,30.2800,29.7500,29.8000,495088
2016-04-12,29.5000,30.0900,29.2800,29.7700,408145
2016-04-11,29.9400,30.0100,29.5000,29.5200,568729
2016-04-08,29.4200,30.0000,29.2400,29.5500,443368
2016-04-07,29.4700,29.6900,28.9410,29.2100,320422
2016-04-06,28.8300,29.7399,28.7800,29.5000,493783
2016-04-05,29.2400,29.2400,28.6400,28.7500,558670
2016-04-04,29.0200,29.9889,28.7500,29.3000,1619759
2016-04-01,27.8800,28.6700,27.5650,28.4500,652822
2016-03-31,27.9600,28.5989,27.9600,28.2100,531108
2016-03-30,28.2500,28.6200,27.7400,27.7700,544132
2016-03-29,27.5300,28.0800,27.3500,27.9700,402994
2016-03-28,27.6800,27.8100,26.8800,27.5900,544401
2016-03-24,27.5000,27.7800,26.1200,26.9900,682272
2016-03-23,27.2800,27.5899,26.0900,26.2000,382356
2016-03-22,27.7600,28.1400,27.0600,27.5100,668196
2016-03-21,28.4800,28.6300,27.6500,28.0400,408272
2016-03-18,28.0900,28.7800,27.5200,28.4900,1456302
2016-03-17,26.8900,27.2400,26.5600,27.1500,560798
2016-03-16,25.8400,26.9500,25.5700,26.8000,401024
2016-03-15,26.3500,26.4540,25.6555,25.8300,269332
2016-03-14,26.9300,27.0000,26.2500,26.5800,214978
2016-03-11,25.7500,26.7700,25.6400,26.7000,634741
2016-03-10,26.4300,26.4500,25.3100,25.3900,490620
2016-03-09,26.9100,26.9100,26.0200,26.0700,949896
2016-03-08,26.2100,26.9900,25.9500,26.7900,1348178
2016-03-07,25.0000,25.9100,24.7700,25.8700,861893
2016-03-04,24.5100,25.5000,24.4000,25.1600,877219
2016-03-03,24.3600,25.7100,23.6750,24.2700,1210450
2016-03-02,22.6400,24.4400,22.4700,24.3600,1495769
2016-03-01,22.6700,22.8700,22.0100,22.6900,692679
2016-02-29,22.0300,22.9000,21.9000,22.3800,648148
2016-02-26,21.6900,22.1200,21.3201,22.0000,1106187
2016-02-25,21.3300,21.8300,20.7700,21.6600,1271527
2016-02-24,19.7700,21.1900,19.6800,21.0200,971477
2016-02-23,21.0600,21.3700,19.5100,20.0400,1305794
2016-02-22,20.8000,21.3900,20.6100,21.2100,763985
2016-02-19,20.2200,20.7500,19.8400,20.5700,638661
2016-02-18,22.9900,23.1700,20.5500,20.5900,1458746
2016-02-17,24.2000,24.8100,21.6400,22.3700,3491958
2016-02-16,20.5400,21.4200,19.8200,20.5000,1185108
2016-02-12,19.3900,19.8500,18.5800,19.3300,495243
2016-02-11,19.5000,19.9900,18.9000,19.3700,212631
2016-02-10,20.0100,20.5700,19.8450,19.9700,160211
2016-02-09,20.3200,21.0300,19.6900,19.8500,392694
2016-02-08,21.5200,21.7500,19.9200,20.3800,623653
2016-02-05,23.3300,23.4350,21.2700,21.8700,1391763
2016-02-04,22.8600,23.7900,22.8100,23.4800,363706
2016-02-03,22.8900,23.0300,21.7200,23.0000,555814
2016-02-02,23.2700,23.5150,22.1900,22.6200,538660
2016-02-01,23.2600,23.7100,22.8600,23.5300,373371
2016-01-29,22.4900,23.3000,22.3700,23.2200,538415
2016-01-28,22.2700,22.9000,22.0100,22.5000,315348
2016-01-27,22.9200,23.2400,22.0000,22.0000,289016
2016-01-26,23.4400,23.5100,22.3850,23.0900,175616
2016-01-25,23.1300,23.6800,22.6600,23.1300,338028
2016-01-22,23.4700,23.7100,22.6400,23.0700,782046
2016-01-21,20.9300,23.4000,20.5600,22.7900,1102831
2016-01-20,20.0000,20.9499,18.6100,20.5300,502623
2016-01-19,21.4300,21.5500,20.1800,20.3000,883499
2016-01-15,20.2400,20.2400,18.4800,19.8900,921268
2016-01-14,21.4400,21.4400,19.8500,20.6400,813722
2016-01-13,23.7300,23.9250,21.2500,21.3800,510516
2016-01-12,24.1500,24.7200,23.4100,23.7400,369778
2016-01-11,24.9500,25.0300,23.5300,23.8700,294540
2016-01-08,25.0000,25.3700,24.7000,24.9300,137394
2016-01-07,25.0000,25.5800,24.6300,24.6700,415983
2016-01-06,24.9500,25.3400,24.1800,25.3000,256565
2016-01-05,25.5000,26.5000,25.2600,25.3100,418203
2016-01-04,25.4200,25.8350,24.5200,25.7200,601772
2015-12-31,25.8500,26.1999,25.2200,25.8000,234942
2015-12-30,25.1200,26.5600,25.1200,25.9800,242879
2015-12-29,25.0100,25.6800,24.8810,25.1800,184574
2015-12-28,25.2700,25.4600,24.7600,24.8400,112456
2015-12-24,24.9400,25.4500,24.9300,25.3400,103943
2015-12-23,24.6900,25.2900,24.5700,24.9200,141777
2015-12-22,24.5000,24.8300,24.2222,24.6600,183798
2015-12-21,25.5000,25.7400,24.0600,24.4500,273019
2015-12-18,26.1700,26.3700,25.3100,25.3100,353120
2015-12-17,26.2900,26.8000,26.1600,26.5300,373749
2015-12-16,25.5000,26.3600,25.2900,26.2100,610096
2015-12-15,24.4900,25.5700,24.4000,25.3600,526615
2015-12-14,24.6300,25.0000,24.1600,24.5600,290365
2015-12-11,24.6300,25.2800,24.5400,24.7600,191189
2015-12-10,24.8100,25.2050,24.5500,24.9600,564818
2015-12-09,26.2800,26.2800,24.4200,24.8100,938318
2015-12-08,26.4000,26.7900,26.0400,26.4800,473164
2015-12-07,26.6300,27.1500,26.5400,26.8800,616249
2015-12-04,26.8500,27.4000,26.5400,27.1200,629295
2015-12-03,26.5000,26.8800,26.1300,26.8300,613697
2015-12-02,26.3200,26.5700,25.8000,26.4100,385499
2015-12-01,26.1800,26.7000,26.1800,26.2800,432979
2015-11-30,26.9000,26.9600,26.2200,26.3400,509768
2015-11-27,26.8000,26.9800,26.3000,26.7100,314146
2015-11-25,27.2500,27.6783,26.2600,26.4400,934456
2015-11-24,28.4600,28.4600,26.8100,26.9500,1192620
2015-11-23,28.1500,29.0000,27.8610,28.8700,386303
2015-11-20,29.5000,29.6000,27.7200,28.2300,884176
2015-11-19,28.0000,29.7200,27.8400,29.4500,1233833
2015-11-18,26.8700,28.0000,26.5000,28.0000,1907376
2015-11-17,26.5000,27.0000,25.5300,26.3900,2604099
2015-11-16,28.2600,28.6300,26.3800,27.3500,729157
2015-11-13,28.9300,30.0000,28.1700,28.3300,368757
2015-11-12,28.0000,29.8899,27.5801,28.8600,540812
2015-11-11,28.8300,29.0000,27.7000,28.1800,310769
2015-11-10,30.1000,30.4500,28.2000,28.5900,344501
2015-11-09,31.6300,31.6400,29.7400,30.2300,299243
2015-11-06,31.6000,32.4100,31.4900,31.5400,402329
2015-11-05,32.5100,33.5400,31.3500,31.6200,564479
2015-11-04,33.7300,33.9300,29.6300,31.7500,963676
2015-11-03,31.0500,31.7500,29.6400,31.4400,554161
2015-11-02,32.3600,33.6200,30.9100,30.9600,302004
2015-10-30,31.4900,32.4900,31.0001,32.2200,260746
2015-10-29,30.8200,32.0200,30.1100,31.5900,171509
2015-10-28,30.6200,31.2400,30.2600,31.1200,109060
2015-10-27,30.6800,31.0400,29.7200,31.0400,296154
2015-10-26,31.6600,31.7500,30.7600,31.0700,107985
2015-10-23,31.9800,32.4336,31.0900,31.6600,199775
2015-10-22,32.2700,32.4500,31.7100,32.0100,229337
2015-10-21,31.5400,32.5400,31.3200,31.9500,153374
2015-10-20,33.4400,33.5300,31.1900,31.5000,284700
2015-10-19,34.2800,34.8900,33.1100,33.3600,295878
2015-10-16,34.5100,34.5900,33.4000,34.3300,268976
2015-10-15,33.6400,34.4200,33.2000,34.1400,262601
2015-10-14,33.4900,34.5000,32.2350,33.6400,294716
2015-10-13,34.9700,35.6000,33.0600,33.1200,191241
2015-10-12,37.0400,37.3420,30.5000,34.3100,819386
2015-10-09,38.4000,38.8723,36.6001,37.0200,164036
2015-10-08,37.2100,39.0000,36.4501,38.2400,472061
2015-10-07,36.0100,37.3700,35.9020,37.3300,236348
2015-10-06,36.7200,37.4199,35.0101,36.2100,281238
2015-10-05,36.0500,39.2900,36.0500,36.7600,664434
2015-10-02,34.6500,36.1000,34.1900,35.8100,236583
2015-10-01,35.3700,35.7500,33.7300,35.0700,247952
2015-09-30,35.6900,35.7650,33.6600,35.2000,299943
2015-09-29,32.4100,33.9850,32.4100,33.6400,221300
2015-09-28,33.6400,33.9672,32.5000,33.0500,204893
2015-09-25,33.8500,35.6400,33.1200,33.9100,355165
2015-09-24,32.9800,34.0899,32.0900,33.4700,244787
2015-09-23,33.5300,34.6700,32.8300,33.5000,340041
2015-09-22,34.5000,34.5000,32.8100,33.6600,332711
2015-09-21,35.7000,37.0000,34.7500,34.8300,393455
2015-09-18,35.7250,37.4700,34.5200,35.6600,786908
2015-09-17,29.8900,37.9500,29.8500,35.5500,2112254
2015-09-16,28.1300,29.2600,28.0400,28.9100,133105
2015-09-15,27.1400,28.4600,27.1000,28.1100,251146
2015-09-14,26.2700,27.2600,26.0100,27.2100,220890
2015-09-11,25.5500,26.4700,25.5500,26.3600,187353
2015-09-10,26.0500,26.4743,25.5801,25.7700,139050
2015-09-09,27.9000,28.5100,25.8900,26.0100,320389
2015-09-08,27.0300,27.6450,26.7450,27.1400,107437
2015-09-04,26.9800,27.2300,26.3700,26.8100,129080
2015-09-03,26.5600,28.0000,26.5101,27.1500,132496
2015-09-02,26.8000,27.5490,26.0600,26.7000,167011
2015-09-01,27.2900,27.2900,26.3900,26.6000,130089
2015-08-31,28.1400,28.7700,27.0900,27.5400,130524
2015-08-28,28.3600,29.0080,27.7200,28.0000,137040
2015-08-27,28.9400,29.6000,27.8000,28.5100,268224
2015-08-26,28.5000,28.5700,26.3001,28.2200,390064
2015-08-25,28.2900,29.7800,26.8500,26.9300,304294
2015-08-24,25.5100,28.4900,22.7000,26.2800,427101
2015-08-21,28.7500,29.9700,27.3100,27.7700,404195
2015-08-20,30.7600,31.1000,29.1500,29.2200,269845
2015-08-19,32.3700,32.4700,30.6000,31.1000,444710
2015-08-18,34.1800,34.1800,32.4800,32.6000,186996
2015-08-17,34.7700,35.0000,33.3000,34.4100,162323
2015-08-14,35.0000,35.7500,34.0900,34.5600,143713
2015-08-13,34.7900,36.4900,34.5100,35.3100,226228
2015-08-12,34.8500,35.2100,33.7500,34.7300,236872
2015-08-11,33.6600,35.5900,32.9637,35.1400,269300
2015-08-10,35.3000,36.1400,32.8700,33.4700,480393
2015-08-07,36.2700,36.2700,34.2500,35.1600,321548
2015-08-06,38.4000,38.7500,35.2000,36.2800,383039
2015-08-05,39.0200,39.9700,38.1600,38.4500,291094
2015-08-04,40.1100,41.1100,38.1300,38.4100,573350
2015-08-03,37.4900,40.4900,36.6000,40.3600,535120
2015-07-31,38.1300,38.2500,36.3500,37.3900,525888
2015-07-30,38.6550,40.2500,37.0100,38.1300,1162788
2015-07-29,34.1000,34.8500,33.2000,34.1600,201544
2015-07-28,33.5000,34.4800,32.8300,34.0600,175034
2015-07-27,33.4000,33.9500,32.0500,32.8700,200495
2015-07-24,33.4500,34.7500,33.2400,33.5700,357721
2015-07-23,32.5900,34.4300,32.5800,33.1100,265771
2015-07-22,32.9900,33.4900,31.3600,32.1400,255700
2015-07-21,33.9500,34.6599,32.0900,33.2200,414769
2015-07-20,32.3700,33.9300,31.6413,33.7500,414154
2015-07-17,29.3200,32.3500,29.1500,32.2700,1619818
2015-07-16,29.0600,29.8700,28.9307,29.3900,148265
2015-07-15,30.8900,31.0100,28.9100,29.3400,357137
2015-07-14,30.7800,31.3268,30.5000,30.8600,145520
2015-07-13,29.8500,30.9900,29.7600,30.4200,220053
2015-07-10,29.3200,30.2900,29.1000,29.6000,280486
2015-07-09,29.7300,30.3800,28.8000,29.0600,249100
2015-07-08,30.0200,30.3599,29.0300,29.1900,187364
2015-07-07,30.4700,30.8300,28.5000,30.7600,348945
2015-07-06,31.0700,31.7400,30.3800,30.5300,149336
2015-07-02,31.5100,31.7300,30.6200,31.3100,304253
2015-07-01,34.0300,34.9700,29.8800,31.1100,1012614
2015-06-30,31.5000,34.4400,31.5000,33.9500,473587
2015-06-29,32.5200,33.5100,31.2000,31.3200,315520
2015-06-26,34.8700,35.3200,32.6300,33.5200,346533
2015-06-25,36.3400,36.5000,34.8000,34.8400,208183
2015-06-24,35.1200,37.4290,34.1400,35.9600,564367
2015-06-23,37.7500,38.1000,35.1700,35.4300,294227
2015-06-22,36.7600,38.5000,36.0900,36.9400,792238
2015-06-19,36.3300,36.7400,32.5500,35.5200,979692
2015-06-18,38.4200,38.8899,34.3265,35.5500,1148173
2015-06-17,39.6300,42.1300,38.0100,38.6300,1595702
2015-06-16,36.0600,38.3790,35.8400,38.1100,1109542
2015-06-15,33.9700,38.1200,32.9201,35.5000,1694460
2015-06-12,31.3200,33.7000,31.2500,33.6300,848352
2015-06-11,28.4900,30.7300,28.4900,30.7300,461719
2015-06-10,28.4500,28.8800,27.9500,28.1000,273588
2015-06-09,26.6400,28.4600,26.6400,28.3400,337785
2015-06-08,26.9000,27.4800,26.8200,26.9800,280925
2015-06-05,26.6600,27.3900,26.1000,27.3900,129560
2015-06-04,27.4200,27.4900,25.5100,26.7800,322577
2015-06-03,26.7600,27.5000,26.5000,27.4400,302948
2015-06-02,27.4700,27.4700,26.6500,26.9500,379784
2015-06-01,27.2000,27.4400,26.6000,27.3300,257040
2015-05-29,27.2500,27.3800,26.8700,27.2000,255975
2015-05-28,27.5500,27.7400,26.4800,27.4500,400367
2015-05-27,30.6700,30.8100,27.0000,27.5000,798026
2015-05-26,29.8000,30.3400,29.0800,29.6500,820214
2015-05-22,26.1700,31.1000,26.0000,28.3100,2842781
2015-05-21,28.0000,28.7400,24.1100,25.6800,12305223
